Id,Label,v_name,indegree,outdegree,degree,Eccentricity,closnesscentrality,harmonicclosnesscentrality,betweenesscentrality,modularity_class
n3,n3,"LI L, 2020, INT J ENV RES PUB HE, V17, DOI 10.3390/IJERPH17217826",4,21,25,1,1,1,94,13
n10,n10,"DURST S, 2020, J CLEAN PROD, V251, DOI 10.1016/J.JCLEPRO.2019.119670",1,15,16,1,1,1,60,13
n26,n26,"GROSS-GOLACKA E, 2020, SUSTAINABILITY-BASEL, V12, DOI 10.3390/SU12041545",4,15,19,1,1,1,56,13
n47,n47,"PASTIU CA, 2020, SUSTAINABILITY-BASEL, V12, DOI 10.3390/SU12229780",0,1,1,1,1,1,0,13
n53,n53,"WARDANA LW, 2023, HELIYON, V9, DOI 10.1016/J.HELIYON.2022.E12763",0,8,8,4,0.367876,0.407277,0,13
n56,n56,"LEE VH, 2024, R&D MANAGE, V54, P750, DOI 10.1111/RADM.12596",0,21,21,1,1,1,0,13
n78,n78,"ALQERSHI NA, 2022, SUSTAIN FUTURES, V4, DOI 10.1016/J.SFTR.2022.100075",0,31,31,1,1,1,0,13
n84,n84,"UFUA DE, 2022, BUS SOC REV, V127, P403, DOI 10.1111/BASR.12271",1,5,6,1,1,1,2,13
n87,n87,"BERNAL C, 2021, J IND ENG MANAG-JIEM, V14, P771, DOI 10.3926/JIEM.3610",2,16,18,4,0.382429,0.440878,290,13
n95,n95,"VRONTIS D, 2023, SUSTAINABILITY-BASEL, V15, DOI 10.3390/SU151612196",1,11,12,1,1,1,11,13
n102,n102,"ALQERSHI N, 2023, TECHNOL FORECAST SOC, V186, DOI 10.1016/J.TECHFORE.2022.122081",0,41,41,2,0.695238,0.780822,0,13
n117,n117,"GONZÁLEZ-DÍAZ RR, 2021, ENTREP SUSTAIN ISS, V8, P377, DOI 10.9770/JESI.2021.8.4(22)",0,2,2,1,1,1,0,13
n118,n118,"TEKALA K, 2024, SUSTAINABILITY-BASEL, V16, DOI 10.3390/SU16135291",1,34,35,2,0.688889,0.774194,50,13
n120,n120,"ASONGU SA, 2023, INT J INNOV STUD, V7, P283, DOI 10.1016/J.IJIS.2023.05.002",0,1,1,1,1,1,0,13
n128,n128,"GROSS-GOLACKA E, 2021, E M EKON MANAG, V24, P35, DOI 10.15240/TUL/001/2021-2-003",0,18,18,1,1,1,0,13
n131,n131,"HARIYONO A, 2024, COGENT ECON FINANC, V12, DOI 10.1080/23322039.2024.2325834",0,6,6,1,1,1,0,13
n135,n135,"SHANG MY, 2023, PLOS ONE, V18, DOI 10.1371/JOURNAL.PONE.0293582",0,4,4,2,0.75,0.833333,0,13
n136,n136,"BERNAL-TORRES CA, 2023, SAGE OPEN, V13, DOI 10.1177/21582440231217870",0,30,30,5,0.323181,0.418935,0,13
n147,n147,"MARTÍNEZ-RUBIO K, 2021, REV PERSPECT EMPERSA, V8, P77, DOI 10.16967/23898186.719",0,7,7,1,1,1,0,13
n158,n158,"PANTA N, 2023, STUD BUS ECON-ROM, V18, P214, DOI 10.2478/SBE-2023-0055",0,2,2,2,0.541667,0.576923,0,13
n178,n178,"OLALEYE BR, 2024, SUSTAINABILITY-BASEL, V16, DOI 10.3390/SU16219201",0,44,44,3,0.552941,0.687943,0,13
n184,n184,"HANAYSHA JR, 2024, DISCOV SUSTAIN, V5, DOI 10.1007/S43621-024-00401-4",0,30,30,2,0.641509,0.720588,0,13
n210,n210,"DORIA DDF, 2022, CONTAD U ANTIOQUIA, V80, P77, DOI 10.17533/UDEA.RC.N80A04",0,3,3,1,1,1,0,13
n212,n212,"CONRAD CC, 2021, REV GEDECON REV GEST, V9, P43, DOI 10.33053/GEDECON.V9I1.405",0,1,1,1,1,1,0,13
n213,n213,"YEH YC, 2021, MATH PROBL ENG, V2021, DOI 10.1155/2021/5580285",0,2,2,1,1,1,0,13
n237,n237,"CRITTENDEN VL, 2011, J ACAD MARKET SCI, V39, P71, DOI 10.1007/S11747-010-0217-2",2,0,2,0,0,0,0,13
n240,n240,"GUPTA S, 2013, J WORLD BUS, V48, P311, DOI 10.1016/J.JWB.2012.07.015",2,0,2,0,0,0,0,13
n242,n242,"JEBLE S, 2018, INT J LOGIST MANAG, V29, P513, DOI 10.1108/IJLM-05-2017-0134",2,0,2,0,0,0,0,13
n249,n249,"ASADI S, 2020, J CLEAN PROD, V258, DOI 10.1016/J.JCLEPRO.2020.120860",5,0,5,0,0,0,0,13
n251,n251,"CHEN YS, 2006, J BUS ETHICS, V67, P331, DOI 10.1007/S10551-006-9025-5",4,0,4,0,0,0,0,13
n256,n256,"LEE KH, 2015, J CLEAN PROD, V108, P534, DOI 10.1016/J.JCLEPRO.2015.05.114",2,0,2,0,0,0,0,13
n257,n257,"LONG XL, 2017, ENERG POLICY, V107, P131, DOI 10.1016/J.ENPOL.2017.04.044",3,0,3,0,0,0,0,13
n260,n260,"QI GY, 2012, CORP SOC RESP ENV MA, V19, P129, DOI 10.1002/CSR.258",2,0,2,0,0,0,0,13
n262,n262,"RUSSO MV, 1997, ACAD MANAGE J, V40, P534, DOI 10.5465/257052",2,0,2,0,0,0,0,13
n263,n263,"SHARMA S, 2000, ACAD MANAGE J, V43, P681, DOI 10.5465/1556361",2,0,2,0,0,0,0,13
n267,n267,"WANG YJ, 2015, J BUS ETHICS, V131, P337, DOI 10.1007/S10551-014-2280-Y",2,0,2,0,0,0,0,13
n301,n301,"WITELL L, 2016, J BUS RES, V69, P2863, DOI 10.1016/J.JBUSRES.2015.12.055",2,0,2,0,0,0,0,13
n335,n335,"LINDELL MK, 2001, J APPL PSYCHOL, V86, P114, DOI 10.1037//0021-9010.86.1.114",2,0,2,0,0,0,0,13
n342,n342,"ROSE ADAM., 2004, DISASTER PREVENTION AND MANAGEMENT, V13, P307, DOI DOI 10.1108/09653560410556528",2,0,2,0,0,0,0,13
n343,n343,"SHEFFI Y, 2005, MIT SLOAN MANAGE REV, V47, P41",3,0,3,0,0,0,0,13
n379,n379,"BOCKEN NMP, 2014, J CLEAN PROD, V65, P42, DOI 10.1016/J.JCLEPRO.2013.11.039",7,0,7,0,0,0,0,13
n380,n380,"DURST S, 2014, InfinityORMATION, V5, P440, DOI 10.3390/InfinityO5030440",2,0,2,0,0,0,0,13
n381,n381,"DYLLICK T, 2016, ORGAN ENVIRON, V29, P156, DOI 10.1177/1086026615575176",14,0,14,0,0,0,0,13
n385,n385,"LIAO ZJ, 2018, J CLEAN PROD, V171, P1111, DOI 10.1016/J.JCLEPRO.2017.10.126",2,0,2,0,0,0,0,13
n386,n386,"LIN YH, 2017, QUAL QUANT, V51, P1663, DOI 10.1007/S11135-016-0358-6",2,0,2,0,0,0,0,13
n387,n387,"LOPES CM, 2017, J CLEAN PROD, V142, P476, DOI 10.1016/J.JCLEPRO.2016.10.083",2,0,2,0,0,0,0,13
n388,n388,"MEREDITH J., 1993, INTERNATIONAL JOURNAL OF OPERATIONS & PRODUCTION MANAGEMENT, V13, P4, DOI 10.1108/01443579310028120",2,0,2,0,0,0,0,13
n389,n389,"VAN KLEEF JAG, 2007, J CLEAN PROD, V15, P38, DOI 10.1016/J.JCLEPRO.2005.06.002",3,0,3,0,0,0,0,13
n547,n547,"BOS-BROUWERS HEJ, 2010, BUS STRATEG ENVIRON, V19, P417, DOI 10.1002/BSE.652",5,0,5,0,0,0,0,13
n548,n548,"CHEN YS, 2008, J BUS ETHICS, V77, P271, DOI 10.1007/S10551-006-9349-1",3,0,3,0,0,0,0,13
n550,n550,"DE LEANIZ PMG, 2013, INTANG CAP, V9, P262, DOI 10.3926/IC.378",3,0,3,0,0,0,0,13
n552,n552,"MASSARO M, 2018, J INTELLECT CAP, V19, P367, DOI 10.1108/JIC-02-2017-0033",3,0,3,0,0,0,0,13
n553,n553,"OMAR M. K., 2017, WORLD APPL SCI J, V35, P2558, DOI DOI 10.5829/IDOSI.WASJ.2017.2558.2563",2,0,2,0,0,0,0,13
n554,n554,"ROOS G, 1997, LONG RANGE PLANN, V30, P413, DOI 10.1016/S0024-6301(97)90260-0",2,0,2,0,0,0,0,13
n555,n555,"SHARABATI AAA, 2010, MANAGE DECIS, V48, P105, DOI 10.1108/00251741011014481",2,0,2,0,0,0,0,13
n557,n557,"WASILUK KL, 2013, J INTELLECT CAP, V14, P102, DOI 10.1108/14691931311289048",2,0,2,0,0,0,0,13
n558,n558,"XU J, 2018, SUSTAINABILITY-BASEL, V10, DOI 10.3390/SU10124651",3,0,3,0,0,0,0,13
n559,n559,"YUSOFF YM, 2019, J CLEAN PROD, V234, P626, DOI 10.1016/J.JCLEPRO.2019.06.153",7,0,7,0,0,0,0,13
n565,n565,"FERNANDO Y, 2019, RESOUR CONSERV RECY, V141, P8, DOI 10.1016/J.RESCONREC.2018.09.031",8,0,8,0,0,0,0,13
n574,n574,"YONG JY, 2020, BUS STRATEG ENVIRON, V29, P212, DOI 10.1002/BSE.2359",6,0,6,0,0,0,0,13
n635,n635,"RAUCH A, 2009, ENTREP THEORY PRACT, V33, P761, DOI 10.1111/J.1540-6520.2009.00308.X",3,0,3,0,0,0,0,13
n717,n717,"SCHNEIDER A, 2015, J BUS ETHICS, V127, P525, DOI 10.1007/S10551-014-2058-2",2,0,2,0,0,0,0,13
n722,n722,"HE HW, 2020, J BUS RES, V116, P176, DOI 10.1016/J.JBUSRES.2020.05.030",2,0,2,0,0,0,0,13
n732,n732,"BULI BM, 2017, MANAG RES REV, V40, P292, DOI 10.1108/MRR-07-2016-0173",2,0,2,0,0,0,0,13
n743,n743,"HAIR JF, 2020, J BUS RES, V109, P101, DOI 10.1016/J.JBUSRES.2019.11.069",2,0,2,0,0,0,0,13
n745,n745,"HASEEB M, 2019, SOC SCI-BASEL, V8, DOI 10.3390/SOCSCI8050154",2,0,2,0,0,0,0,13
n747,n747,"PARIDA V, 2019, SUSTAINABILITY-BASEL, V11, DOI 10.3390/SU11020391",3,0,3,0,0,0,0,13
n757,n757,"COHEN J., 2013, STATISTICAL POWER ANALYSIS FOR THE BEHAVIORAL SCIENCES, V2ND ED., DOI DOI 10.4324/9780203771587",8,0,8,0,0,0,0,13
n759,n759,"JANSEN JJP, 2006, MANAGE SCI, V52, P1661, DOI 10.1287/MNSC.1060.0576",3,0,3,0,0,0,0,13
n760,n760,"JANSEN JJP, 2009, LEADERSHIP QUART, V20, P5, DOI 10.1016/J.LEAQUA.2008.11.008",2,0,2,0,0,0,0,13
n761,n761,"MIKALEF P, 2017, J BUS RES, V70, P1, DOI 10.1016/J.JBUSRES.2016.09.004",2,0,2,0,0,0,0,13
n762,n762,"PAVLOU PA, 2011, DECISION SCI, V42, P239, DOI 10.1111/J.1540-5915.2010.00287.X",2,0,2,0,0,0,0,13
n764,n764,"ZHU QH, 2008, INT J PROD ECON, V111, P261, DOI 10.1016/J.IJPE.2006.11.029",2,0,2,0,0,0,0,13
n770,n770,"AGOSTINI L, 2017, J INTELLECT CAP, V18, P400, DOI 10.1108/JIC-05-2016-0056",2,0,2,0,0,0,0,13
n781,n781,"HAIR JF., 2017, INT J MULTIVAR ANAL, V1, P107, DOI DOI 10.1504/IJMDA.2017.087624, 10.1504/IJMDA.2017.10008574, DOI 10.1504/IJMDA.2017.10008574",6,0,6,0,0,0,0,13
n783,n783,"KAMBOJ S, 2017, MANAG RES REV, V40, P698, DOI 10.1108/MRR-09-2014-0225",3,0,3,0,0,0,0,13
n786,n786,"LE PB, 2019, J KNOWL MANAG, V23, P527, DOI 10.1108/JKM-09-2018-0568",2,0,2,0,0,0,0,13
n794,n794,"BOONS F, 2013, J CLEAN PROD, V45, P9, DOI 10.1016/J.JCLEPRO.2012.07.007",4,0,4,0,0,0,0,13
n802,n802,"PARIDA V, 2019, INT ENTREP MANAG J, V15, P1, DOI 10.1007/S11365-019-00558-9",3,0,3,0,0,0,0,13
n830,n830,"PREACHER KJ, 2008, BEHAV RES METHODS, V40, P879, DOI 10.3758/BRM.40.3.879",3,0,3,0,0,0,0,13
n864,n864,"HANAYSHA JR, 2022, FIIB BUS REV, V11, P67, DOI 10.1177/23197145211042232",3,0,3,0,0,0,0,13
n866,n866,"LOWRY PB, 2014, IEEE T PROF COMMUN, V57, P123, DOI 10.1109/TPC.2014.2312452",2,0,2,0,0,0,0,13
n867,n867,"NARDI P.M., 2018, DOING SURVEY RES GUI, DOI DOI 10.4324/9781315172231",2,0,2,0,0,0,0,13
n868,n868,"OBEIDAT B., 2017, INTERNATIONAL JOURNAL OF KNOWLEDGE MANAGEMENT STUDIES, V8, P273, DOI DOI 10.1504/IJKMS.2017.087071",2,0,2,0,0,0,0,13
n872,n872,"SARSTEDT M, 2016, J BUS RES, V69, P3998, DOI 10.1016/J.JBUSRES.2016.06.007",2,0,2,0,0,0,0,13
n876,n876,"ZHANG YA, 2019, SUSTAINABILITY-BASEL, V11, DOI 10.3390/SU11020495",2,0,2,0,0,0,0,13
n891,n891,"ATALAY M, 2013, PROCD SOC BEHV, V75, P226, DOI 10.1016/J.SBSPRO.2013.04.026",2,0,2,0,0,0,0,13
n902,n902,"LI WENJIE, 2023, INT J ENVIRON RES PUBLIC HEALTH, V20, DOI 10.3390/IJERPH20031851",2,0,2,0,0,0,0,13
n904,n904,"QIU L, 2020, BUS STRATEG ENVIRON, V29, P2695, DOI 10.1002/BSE.2530",2,0,2,0,0,0,0,13
n906,n906,"WANG CH, 2021, BUS STRATEG ENVIRON, V30, P3241, DOI 10.1002/BSE.2800",2,0,2,0,0,0,0,13
n909,n909,"ALI M., 2021, INTERNATIONAL JOURNAL OF MANAGEMENT SCIENCE, V8, P105",2,0,2,0,0,0,0,13
n910,n910,"ONWE O.J., 2013, JOURNAL OF ECONOMICS AND DEVELOPMENT STUDIES, V1, P60",2,0,2,0,0,0,0,13
n911,n911,"UDUJI JI, 2019, SOC RESPONSIB J, V15, P1008, DOI 10.1108/SRJ-01-2018-0025",2,0,2,0,0,0,0,13
n912,n912,"UFUA DE, 2021, J MANAGE ORGAN, V27, P836, DOI 10.1017/JMO.2021.45",2,0,2,0,0,0,0,13
n919,n919,"BERNAL CA, 2021, INT J EMERG MARK, V16, P517, DOI 10.1108/IJOEM-04-2019-0322",2,0,2,0,0,0,0,13
n921,n921,"GÖLGECI I, 2019, INT BUS REV, V28, DOI 10.1016/J.IBUSREV.2019.101593",2,0,2,0,0,0,0,13
n923,n923,"MEDNE A., 2019, JOURNAL OF OPEN INNOVATION: TECHNOLOGY, MARKET AND COMPLEXITY, V5, P49, DOI DOI 10.3390/JOITMC5030049, 10.3390/JOITMC5030049",2,0,2,0,0,0,0,13
n924,n924,"SILVESTRE BS, 2019, J CLEAN PROD, V208, P325, DOI 10.1016/J.JCLEPRO.2018.09.244",2,0,2,0,0,0,0,13
n950,n950,"CHATTERJEE S, 2022, COMPUT IND ENG, V168, DOI 10.1016/J.CIE.2022.108058",2,0,2,0,0,0,0,13
n951,n951,"CHATTERJEE S, 2022, OPER MANAGE RES, V15, P1081, DOI 10.1007/S12063-021-00203-1",2,0,2,0,0,0,0,13
n952,n952,"CHATTERJEE S, 2022, J INTELLECT CAP, V23, P103, DOI 10.1108/JIC-12-2020-0378",2,0,2,0,0,0,0,13
n953,n953,"HENSELER J, 2014, ORGAN RES METHODS, V17, P182, DOI 10.1177/1094428114526928",3,0,3,0,0,0,0,13
n955,n955,"WAMBA SF, 2020, INT J PROD ECON, V222, DOI 10.1016/J.IJPE.2019.09.019",2,0,2,0,0,0,0,13
n985,n985,"ANDREEVA T, 2016, J INTELLECT CAP, V17, P397, DOI 10.1108/JIC-07-2015-0062",2,0,2,0,0,0,0,13
n986,n986,"ANONYMOUS, 2003, JOURNAL OF INTELLECTUAL CAPITAL, DOI DOI 10.1108/14691930310487806, 10.1108/14691930310487806",2,0,2,0,0,0,0,13
n987,n987,"CAPOZZA C, 2019, ECON INNOV NEW TECH, V28, P741, DOI 10.1080/10438599.2018.1557426",2,0,2,0,0,0,0,13
n989,n989,"CHEN MC, 2005, J INTELLECT CAP, V6, P159, DOI 10.1108/14691930510592771",2,0,2,0,0,0,0,13
n990,n990,"DAL MAS F, 2019, INTELLECTUAL CAPITAL, P11",2,0,2,0,0,0,0,13
n991,n991,"JORDAO RVD, 2017, J INTELLECT CAP, V18, P643, DOI 10.1108/JIC-11-2016-0115",2,0,2,0,0,0,0,13
n992,n992,"DZENOPOLJAC V, 2016, J INTELLECT CAP, V17, P373, DOI 10.1108/JIC-07-2015-0068",2,0,2,0,0,0,0,13
n995,n995,"LARBI-SIAW O, 2022, TECHNOL SOC, V68, DOI 10.1016/J.TECHSOC.2022.101899",2,0,2,0,0,0,0,13
n1065,n1065,"FREEMAN R. E., 1984, STRATEG MANAG",2,0,2,0,0,0,0,13
n1066,n1066,"LINNENLUECKE MK, 2013, GLOBAL ENVIRON CHANG, V23, P382, DOI 10.1016/J.GLOENVCHA.2012.07.007",2,0,2,0,0,0,0,13
n1068,n1068,"NIDUMOLU R, 2009, HARVARD BUS REV, V87, P56",2,0,2,0,0,0,0,13
n1069,n1069,"FUENTES-DORIA D., 2019, OPCION-MARACAIBO, V35, P1526",2,0,2,0,0,0,0,13
n1070,n1070,"LEE SH, 2020, FASH TEXT, V7",2,0,2,0,0,0,0,13
n1072,n1072,"AZADEGAN A, 2013, J OPER MANAG, V31, P193, DOI 10.1016/J.JOM.2013.03.002",2,0,2,0,0,0,0,13
n1073,n1073,"JIANG WB, 2018, J CLEAN PROD, V198, P1311, DOI 10.1016/J.JCLEPRO.2018.07.104",2,0,2,0,0,0,0,13
n1074,n1074,"MENG J, 2015, J MACROMARKETING, V35, P84, DOI 10.1177/0276146714541128",3,0,3,0,0,0,0,13
n1075,n1075,"NORTH DC, 2005, PRINC ECON HIST W WO, P1",2,0,2,0,0,0,0,13
n1076,n1076,"SARTORI SIMONE, 2014, AMBIENT. SOC., V17, P01",2,0,2,0,0,0,0,13
n1078,n1078,"SCHILKE O, 2014, STRATEGIC MANAGE J, V35, P179, DOI 10.1002/SMJ.2099",2,0,2,0,0,0,0,13
n1079,n1079,"YU DN, 2022, INT J ENV RES PUB HE, V19, DOI 10.3390/IJERPH191610336",2,0,2,0,0,0,0,13
n1086,n1086,"BARBIERI JC, 2010, RAE-REV ADMIN EMPRES, V50, P146, DOI 10.1590/S0034-75902010000200002",2,0,2,0,0,0,0,13
n1093,n1093,"AMUI LBL, 2017, J CLEAN PROD, V142, P308, DOI 10.1016/J.JCLEPRO.2016.07.103",2,0,2,0,0,0,0,13
n1096,n1096,"WATSON R, 2018, J PROD INNOVAT MANAG, V35, P254, DOI 10.1111/JPIM.12394",2,0,2,0,0,0,0,13
n1100,n1100,"BOCKEN NMP, 2020, LONG RANGE PLANN, V53, DOI 10.1016/J.LRP.2019.101950",2,0,2,0,0,0,0,13
n1103,n1103,"MATJAZ M, 2016, TOTAL QUAL MANAG BUS, V27, P1171, DOI 10.1080/14783363.2015.1064767",2,0,2,0,0,0,0,13
n1125,n1125,"JUNTUNEN JK, 2019, J PROD INNOVAT MANAG, V36, P331, DOI 10.1111/JPIM.12481",2,0,2,0,0,0,0,13
n1156,n1156,"MARIADOSS BJ, 2011, IND MARKET MANAG, V40, P1305, DOI 10.1016/J.INDMARMAN.2011.10.006",2,0,2,0,0,0,0,13
n1157,n1157,"MARTÍNEZ P, 2014, CORP REPUT REV, V17, P239, DOI 10.1057/CRR.2014.13",2,0,2,0,0,0,0,13
n1158,n1158,"MULLENS D, 2018, J GLOB RESPONSIB, V9, P160, DOI 10.1108/JGR-03-2017-0020",2,0,2,0,0,0,0,13
n1159,n1159,"NG AC, 2015, J CORP FINANC, V34, P128, DOI 10.1016/J.JCORPFIN.2015.08.003",2,0,2,0,0,0,0,13
n1160,n1160,"PORTER M.E., 1980, COMPETITIVE STRATEGY",2,0,2,0,0,0,0,13
