Id,Label,v_name,indegree,outdegree,degree,Eccentricity,closnesscentrality,harmonicclosnesscentrality,betweenesscentrality,modularity_class
n1172,n1172,"PRAMUDYA GW., 2019, INT. J. MECH. ENG. TECHNOL, V10, P865",2,0,2,0,0,0,0,5
n1169,n1169,"HAIR J, 2017, IND MANAGE DATA SYST, V117, P442, DOI 10.1108/IMDS-04-2016-0130",1,0,1,0,0,0,0,1
n1165,n1165,"ALHARTHI M.N. A. N., 2019, INTERNATIONAL JOURNAL ON EMERGING TECHNOLOGIES, V10, P32",2,0,2,0,0,0,0,8
n1162,n1162,"TAMBUNAN T, 2019, J GLOB ENTREP RES, V9, DOI 10.1186/S40497-018-0140-4",2,0,2,0,0,0,0,1
n1154,n1154,"SAWALHA I.H., 2020, CONTINUITY & RESILIENCE REVIEW, V2, P81, DOI DOI 10.1108/CRR-05-2020-0016, 10.1108/CRR-05-2020-0016",1,0,1,0,0,0,0,8
n1151,n1151,"SAWALHA IHAB HANNA SALMAN, 2013, J BUS CONTIN EMER PLAN, V6, P360",3,0,3,0,0,0,0,8
n48,n48,"XING JD, 2020, RELIAB ENG SYST SAFE, V202, DOI 10.1016/J.RESS.2020.107067",0,12,12,3,0.564516,0.652381,0,9
n1143,n1143,"KRELL ERIC., 2006, MANAGEMENT ACCOUNTING GUIDELINE",1,0,1,0,0,0,0,8
n54,n54,"CHILDS M, 2022, FAM CONSUM SCI RES J, V50, P216, DOI 10.1111/FCSR.12434",0,4,4,1,1,1,0,1
n1134,n1134,"KINDSTRÖM D, 2014, J BUS IND MARK, V29, P96, DOI 10.1108/JBIM-08-2013-0165",1,0,1,0,0,0,0,0
n1133,n1133,"CRESWELL J. W., 2009, RES DESIGN QUALITATI",2,0,2,0,0,0,0,0
n1124,n1124,"MUPARADZI T., 2021, OPEN JOURNAL OF BUSINESS AND MANAGEMENT, V09, P1169, DOI DOI 10.4236/OJBM.2021.93063",2,0,2,0,0,0,0,0
n57,n57,"SCHMID B, 2021, PROG DISASTER SCI, V11, DOI 10.1016/J.PDISAS.2021.100181",0,9,9,2,0.56338,0.6125,0,2
n1118,n1118,"PEFFERS K, 2007, J MANAGE InfinityORM SYST, V24, P45, DOI 10.2753/MIS0742-1222240302",2,0,2,0,0,0,0,4
n64,n64,"THOMPSON JM, 2019, J AGRIC APPL ECON, V51, P235, DOI 10.1017/AAE.2018.37",0,1,1,1,1,1,0,9
n68,n68,"XING JD, 2019, INT J DISAST RISK RE, V41, DOI 10.1016/J.IJDRR.2019.101334",1,27,28,2,0.829268,0.897059,13,9
n1117,n1117,"LIAN K.LEE., 2018, GLOBAL BUSINESS MANAGEMENT RESEARCH, V10, P179",3,0,3,0,0,0,0,8
n73,n73,"HERBANE B, 2020, SAGE OPEN, V10, DOI 10.1177/2158244020927417",1,15,16,2,0.586207,0.647059,11.416667,1
n1116,n1116,"FERNANDO MS, 2017, 2017 NATIONAL InfinityORMATION TECHNOLOGY CONFERENCE (NITC), P46, DOI 10.1109/NITC.2017.8285648",2,0,2,0,0,0,0,5
n76,n76,"KOSMOWSKI KT, 2022, ENERGIES, V15, DOI 10.3390/EN15103610",1,1,2,1,1,1,3,4
n1114,n1114,"ARONIS STELIOS, 2016, J BUS CONTIN EMER PLAN, V9, P203",2,0,2,0,0,0,0,4
n77,n77,"KOSIERADZKA A, 2022, INT J DISAST RISK RE, V72, DOI 10.1016/J.IJDRR.2022.102863",1,4,5,3,0.447368,0.486928,53,2
n1113,n1113,"ANONYMOUS, 2019, NFPA 1600",2,0,2,0,0,0,0,4
n1089,n1089,"INDRAWATI H, 2020, INT J INOV SCI, V12, P545, DOI 10.1108/IJIS-04-2020-0049",1,0,1,0,0,0,0,1
n90,n90,"SPREMIC M, 2013, ECON RES-EKON ISTRAZ, V26, P183, DOI 10.1080/1331677X.2013.11517597",0,10,10,1,1,1,0,9
n1087,n1087,"SARSTEDT M, 2014, J FAM BUS STRATEG, V5, P105, DOI 10.1016/J.JFBS.2014.01.002",1,0,1,0,0,0,0,6
n1064,n1064,"TJOA S, 2008, ARES 2008: PROCEEDINGS OF THE THIRD INTERNATIONAL CONFERENCE ON AVAILABILITY, SECURITY AND RELIABILITY, P179, DOI 10.1109/ARES.2008.206",2,0,2,0,0,0,0,3
n96,n96,"GALAITSI SE, 2023, INT J DISAST RISK SC, V14, P713, DOI 10.1007/S13753-023-00494-X",0,10,10,3,0.518182,0.570175,0,1
n97,n97,"BRÁS J, 2023, InfinityORMATION, V14, DOI 10.3390/InfinityO14020122",2,13,15,4,0.408867,0.482932,161.5,2
n1063,n1063,"PINTA J., 2011, AGRIS ON-LINE PAPERS IN ECONOMICS AND InfinityORMATICS, V3, P55",2,0,2,0,0,0,0,5
n100,n100,"PESCAROLI G, 2023, DISASTERS, V47, P320, DOI 10.1111/DISA.12551",0,5,5,1,1,1,0,1
n1062,n1062,"PETERSON C.A., 2009, 2009 Infinity SEC CURR DE, P114, DOI 10.1145/1940976.1940999, DOI 10.1145/1940976.1940999",2,0,2,0,0,0,0,8
n1061,n1061,"MARCH ST, 1995, DECIS SUPPORT SYST, V15, P251, DOI 10.1016/0167-9236(94)00041-2",2,0,2,0,0,0,0,2
n113,n113,"RUSSO N, 2024, Infinity SECUR J, V33, P54, DOI 10.1080/19393555.2023.2195577",1,28,29,3,0.633333,0.733918,12.416667,4
n115,n115,"JÄRVELÄINEN J, 2022, J ASSOC Infinity SYST, V23, P1557, DOI 10.17705/1JAIS.00771",1,38,39,2,0.779412,0.858491,24.25,3
n129,n129,"LABUS M, 2020, COMPUT SCI Infinity SYST, V17, P553, DOI 10.2298/CSIS190202037L",2,19,21,3,0.673469,0.777778,32.416667,6
n1041,n1041,"SAMBO F., 2016, INTERNATIONAL JOURNAL OF ELECTRICAL AND COMPUTER ENGINEERING, V6, P2425, DOI DOI 10.11591/IJECE.V6I5, 10.11591/IJECE.V6I5.11461",2,0,2,0,0,0,0,4
n1040,n1040,"RUSSO N., 2021, IBER, P1, DOI 10.23919/CISTI52073.2021.9476297, DOI 10.23919/CISTI52073.2021.9476297",2,0,2,0,0,0,0,4
n1039,n1039,"RUSSO N., 2020, HDB RES MULTIDISCIPL, P200, DOI 10.4018/978-1-7998-4099-2.CH010, DOI 10.4018/978-1-7998-4099-2.CH010",2,0,2,0,0,0,0,4
n1038,n1038,"RUSSO N., 2020, ADV SCI TECHNOLOGY E, V5, P845, DOI HTTPS://DOI.ORG/10.25046/AJ0506101, DOI 10.25046/AJ0506101",3,0,3,0,0,0,0,4
n1037,n1037,"RAMAKRISHNAN R. K., 2011, DEFINITIVE HDB BUSIN, P31",2,0,2,0,0,0,0,4
n1036,n1036,"MÜLLER R, 2019, IJISPM-INT J Infinity SYS, V7, P5, DOI 10.12821/IJISPM070201",2,0,2,0,0,0,0,4
n1035,n1035,"KITCHENHAM B., 2004, PROCEDURES FOR PERFORMING SYSTEMATIC REVIEWS, V33, P1",3,0,3,0,0,0,0,4
n134,n134,"KALOGIANNIDIS S, 2024, RISKS, V12, DOI 10.3390/RISKS12020019",0,2,2,5,0.297945,0.331418,0,2
n1034,n1034,"ITIL, 2019, ITIL FOUNDATION ITIL 4 EDITION",3,0,3,0,0,0,0,4
n1033,n1033,"ISACA, 2018, COBIT 2019 FRAMEWORK - GOVERNANCE AND MANAGEMENT OBJECTIVES",3,0,3,0,0,0,0,4
n1032,n1032,"ISA M, 2019, JAMBA-J DISASTER RIS, V11, DOI 10.4102/JAMBA.V11I1.660",2,0,2,0,0,0,0,4
n1031,n1031,"HEVNER AR, 2004, MIS QUART, V28, P75, DOI 10.2307/25148625",4,0,4,0,0,0,0,4
n1030,n1030,"MOTEVALI HAGHIGHI S, 2020, ENTERP Infinity SYST-UK, V14, P1027, DOI 10.1080/17517575.2019.1686657",2,0,2,0,0,0,0,3
n1028,n1028,"EBSCOCONNECT, 2021, HELL HOW CAN WE HELP",2,0,2,0,0,0,0,4
n1027,n1027,"ANONYMOUS, 2017, ISO 22316",2,0,2,0,0,0,0,4
n143,n143,"RUSSO N, 2022, HELIYON, V8, DOI 10.1016/J.HELIYON.2022.E10566",1,21,22,4,0.452514,0.553498,4.333333,4
n146,n146,"CHEN HS, 2021, SUSTAINABILITY-BASEL, V13, DOI 10.3390/SU131910918",0,1,1,1,1,1,0,0
n153,n153,"ZAKE GB, 2024, S AFR J BUS MANAG, V55, DOI 10.4102/SAJBM.V55I1.4274",0,3,3,1,1,1,0,0
n162,n162,"GOLDING A, 2023, MANAG SPORT LEIS, DOI 10.1080/23750472.2023.2171903",0,4,4,1,1,1,0,3
n978,n978,"BABA H., 2013, J. DISASTER RISK MANAG, V3, P184, DOI 10.5595/IDRIM.2013.0069, DOI 10.5595/IDRIM.2013.0069",1,0,1,0,0,0,0,5
n164,n164,"BRÁS JC, 2023, IEEE ACCESS, V11, P134239, DOI 10.1109/ACCESS.2023.3337159",1,6,7,5,0.300699,0.352713,3.5,2
n171,n171,"AL-KHRABSHEH AA, 2022, EKON SROD, V80, P84, DOI 10.34659/EIS.2022.80.1.422",0,6,6,1,1,1,0,8
n172,n172,"ESEN MF, 2022, J Infinity TECHNOL RES, V15, DOI 10.4018/JITR.299928",0,1,1,2,0.533333,0.5625,0,9
n179,n179,"SAKIJEGE T, 2024, JAMBA-J DISASTER RIS, V16, DOI 10.4102/JAMBA.V16I1.1714",0,9,9,2,0.695652,0.78125,0,1
n977,n977,"UNITED NATIONS OFFICE FOR DISASTER RISK REDUCTION, 2015, SENDAI FRAMEWORK DIS",2,0,2,0,0,0,0,1
n966,n966,"RÖGLINGER M, 2022, BUS InfinityORM SYST ENG+, V64, P669, DOI 10.1007/S12599-021-00740-W",2,0,2,0,0,0,0,2
n964,n964,"CARDEN LL, 2018, ORGAN DYN, V47, P25, DOI 10.1016/J.ORGDYN.2017.07.002",2,0,2,0,0,0,0,8
n963,n963,"ANONYMOUS, 2020, P2755.2/D2, P1",2,0,2,0,0,0,0,2
n962,n962,"ANONYMOUS, 2019, 22301 ISO",3,0,3,0,0,0,0,4
n961,n961,"ANONYMOUS, 2017, IEEE STD 2755-2017, DOI DOI 10.1109/IEEESTD.2017.8070671",2,0,2,0,0,0,0,2
n960,n960,"ISO (INTERNATIONAL ORGANISATION FOR STANDARDIZATION), 2019, 223012019 ISO",3,0,3,0,0,0,0,7
n957,n957,"GALLAGHER M., 2003, BUSINESS CONTINUITY MANAGEMENT - HOW TO PROTECT YOUR COMPANY FROM DANGER",3,0,3,0,0,0,0,1
n943,n943,"UL HAMEED W, 2021, INT J HOSP MANAG, V92, DOI 10.1016/J.IJHM.2020.102745",1,0,1,0,0,0,0,1
n938,n938,"HAIR JF, 2013, LONG RANGE PLANN, V46, P1, DOI 10.1016/J.LRP.2013.01.001",1,0,1,0,0,0,0,6
n931,n931,"TURETKEN O, 2008, InfinityORM SYST FRONT, V10, P375, DOI 10.1007/S10796-008-9081-8",2,0,2,0,0,0,0,3
n930,n930,"KING D. L., 2003, NETWORK SECURITY, P12, DOI 10.1016/S1353-4858(03)00112-0",2,0,2,0,0,0,0,4
n929,n929,"ARDUINI F, 2010, COMMUN ACM, V53, P121, DOI 10.1145/1666420.1666452",3,0,3,0,0,0,0,6
n879,n879,"EL-KASSAR AN, 2019, TECHNOL FORECAST SOC, V144, P483, DOI 10.1016/J.TECHFORE.2017.12.016",1,0,1,0,0,0,0,8
n860,n860,"SIDERSKA J, 2021, SUSTAINABILITY-BASEL, V13, DOI 10.3390/SU13148020",2,0,2,0,0,0,0,2
n859,n859,"ACCIARINI C, 2021, J ENTREP PUBLIC POLI, V10, P336, DOI 10.1108/JEPP-03-2021-0021",1,0,1,0,0,0,0,2
n848,n848,"VARGO J, 2011, INT J PROD RES, V49, P5619, DOI 10.1080/00207543.2011.563902",2,0,2,0,0,0,0,1
n847,n847,"SYDNOR S, 2017, NAT HAZARDS, V85, P1637, DOI 10.1007/S11069-016-2652-Y",2,0,2,0,0,0,0,1
n846,n846,"SUTCLIFFE K. M., 2003, POSITIVE ORG SCHOLAR, P94, DOI DOI 10.4324/9780429298974",2,0,2,0,0,0,0,1
n845,n845,"POWLEY EH, 2009, HUM RELAT, V62, P1289, DOI 10.1177/0018726709334881",2,0,2,0,0,0,0,8
n843,n843,"LINNENLUECKE MK, 2017, INT J MANAG REV, V19, P4, DOI 10.1111/IJMR.12076",3,0,3,0,0,0,0,1
n841,n841,"COREY CM, 2011, J CONTING CRISIS MAN, V19, P169, DOI 10.1111/J.1468-5973.2011.00642.X",2,0,2,0,0,0,0,1
n838,n838,"ADLER PS, 2002, ACAD MANAGE REV, V27, P17, DOI 10.2307/4134367",2,0,2,0,0,0,0,1
n831,n831,"QUAYE D, 2019, MANAGE DECIS, V57, P1535, DOI 10.1108/MD-08-2017-0784",2,0,2,0,0,0,0,1
n824,n824,"JÄRVELÄINEN J, 2013, INT J InfinityORM MANAGE, V33, P583, DOI 10.1016/J.IJInfinityOMGT.2013.03.001",5,0,5,0,0,0,0,6
n807,n807,"PERCE KAREN H, 2007, AAOHN J, V55, P235",1,0,1,0,0,0,0,5
n765,n765,"HILES A., 2007, DEFINITIVE HDB BUSIN",3,0,3,0,0,0,0,2
n758,n758,"FERREIRA J, 2020, TECHNOVATION, V92-93, DOI 10.1016/J.TECHNOVATION.2018.11.004",1,0,1,0,0,0,0,8
n756,n756,"ANONYMOUS, 1995, ACADEMY OF MANAGEMENT EXECUTIVE",1,0,1,0,0,0,0,8
n185,n185,"BOUDI AA, 2024, SUSTAINABILITY-BASEL, V16, DOI 10.3390/SU16177503",0,11,11,4,0.404372,0.476351,0,8
n192,n192,"KURNIAWAN D, 2024, S E ASIAN J MANAGE, V18, DOI 10.21002/SEAM.V18I1.1457",0,13,13,3,0.487395,0.566092,0,8
n197,n197,"WIBOWO V, 2024, J E EUR CENT ASIAN R, V11, P28, DOI 10.15549/JEECAR.V11I1.1383",0,10,10,3,0.517857,0.549808,0,1
n198,n198,"YUN EK, 2024, RISK MANAG HEALTHC P, V17, P789, DOI 10.2147/RMHP.S448382",0,1,1,1,1,1,0,7
n200,n200,"RUSSO N, 2023, APPL SCI-BASEL, V13, DOI 10.3390/APP132111846",0,29,29,4,0.492891,0.589744,0,4
n201,n201,"EFFENDI SA, 2023, SUSTAINABILITY-BASEL, V15, DOI 10.3390/SU151813703",0,3,3,1,1,1,0,1
n204,n204,"KANNO T, 2023, J DISASTER RES, V18, P137, DOI 10.20965/JDR.2023.P0137",0,2,2,1,1,1,0,7
n205,n205,"GATTO DDD, 2023, REV GEST SECR-GESEC, V14, P2963, DOI 10.7769/GESEC.V14I3.1764",0,1,1,1,1,1,0,6
n208,n208,"TIWARY RK, 2022, CARDIOMETRY, P849, DOI 10.18137/CARDIOMETRY.2022.24.849858",0,11,11,2,0.73913,0.823529,0,5
n227,n227,"BRUNEAU M, 2003, EARTHQ SPECTRA, V19, P733, DOI 10.1193/1.1623497",2,0,2,0,0,0,0,9
n228,n228,"BRYSON KM, 2002, EUR J OPER RES, V141, P679, DOI 10.1016/S0377-2217(01)00275-2",2,0,2,0,0,0,0,6
n229,n229,"CERULLO V, 2004, InfinityORM SYST MANAGE, V21, P70, DOI 10.1201/1078/44432.21.3.20040601/82480.11",12,0,12,0,0,0,0,9
n231,n231,"HERBANE B, 2010, BUS HIST, V52, P978, DOI 10.1080/00076791.2010.511185",13,0,13,0,0,0,0,9
n232,n232,"HILES A., 2010, DEFINITIVE HDB BUSIN",1,0,1,0,0,0,0,9
n233,n233,"LOSADA C, 2012, EUR J OPER RES, V217, P519, DOI 10.1016/J.EJOR.2011.09.044",2,0,2,0,0,0,0,9
n234,n234,"TORABI SA, 2014, SAFETY SCI, V68, P309, DOI 10.1016/J.SSCI.2014.04.017",7,0,7,0,0,0,0,6
n259,n259,"PHAM H, 2019, SUSTAIN PROD CONSUMP, V20, P1, DOI 10.1016/J.SPC.2019.05.003",1,0,1,0,0,0,0,8
n270,n270,"ALESI PATRICK, 2008, J BUS CONTIN EMER PLAN, V2, P214",2,0,2,0,0,0,0,3
n271,n271,"ANONYMOUS, 2012, ISO 22301",3,0,3,0,0,0,0,9
n272,n272,"BAJGORIC N., 2006, InfinityORMATION MANAGEMENT COMPUTER SECURITY, V14, P450",3,0,3,0,0,0,0,3
n273,n273,"BENYOUCEF M., 2007, SUPPLY CHAIN FORUM, V8, P14, DOI 10.1080/16258312.2007.11517179, DOI 10.1080/16258312.2007.11517179",3,0,3,0,0,0,0,3
n274,n274,"BOTHA J., 2004, InfinityORMATION MANAGEMENT & COMPUTER SECURITY, V12, P328, DOI 10.1108/09685220410553541",4,0,4,0,0,0,0,3
n275,n275,"BUCHERER E, 2012, CREAT INNOV MANAG, V21, P183, DOI 10.1111/J.1467-8691.2012.00637.X",2,0,2,0,0,0,0,3
n276,n276,"BUTLER BS, 2006, MIS QUART, V30, P211",2,0,2,0,0,0,0,3
n278,n278,"CASTILLO C, 2005, J FACIL MANAG, V3, P8, DOI 10.1108/14725960510808365",4,0,4,0,0,0,0,3
n280,n280,"DE LUZURIAGA J., 2009, JOURNAL OF BUSINESS CONTINUITY EMERGENCY PLANNING, V3, P312",2,0,2,0,0,0,0,3
n281,n281,"DEMIL B, 2010, LONG RANGE PLANN, V43, P227, DOI 10.1016/J.LRP.2010.02.004",2,0,2,0,0,0,0,3
n282,n282,"DEVARGAS M, 1999, COMPUT SECUR, V18, P35, DOI 10.1016/S0167-4048(99)80007-8",2,0,2,0,0,0,0,3
n283,n283,"FREESTONE MANDY, 2008, J BUS CONTIN EMER PLAN, V2, P138",3,0,3,0,0,0,0,3
n284,n284,"GERBER M, 2005, COMPUT SECUR, V24, P16, DOI 10.1016/J.COSE.2004.11.002",2,0,2,0,0,0,0,9
n285,n285,"GIBB F, 2006, INT J InfinityORM MANAGE, V26, P128, DOI 10.1016/J.IJInfinityOMGT.2005.11.008",8,0,8,0,0,0,0,3
n286,n286,"HAAKER T, 2017, FUTURES, V89, P14, DOI 10.1016/J.FUTURES.2017.04.003",2,0,2,0,0,0,0,3
n287,n287,"HEIKKILÄ M, 2018, J SMALL BUS ENTERP D, V25, P107, DOI 10.1108/JSBED-03-2017-0097",2,0,2,0,0,0,0,3
n288,n288,"JARVELAINEN JONNA, 2012, InfinityORMATION MANAGEMENT & COMPUTER SECURITY, V20, P332, DOI 10.1108/09685221211286511",2,0,2,0,0,0,0,3
n289,n289,"KENDALL KE, 2005, COMMUN ASSOC Infinity SYS, V16, P1001",2,0,2,0,0,0,0,3
n290,n290,"LINDSTRÖM J, 2010, DISASTER PREV MANAG, V19, P243, DOI 10.1108/09653561011038039",4,0,4,0,0,0,0,3
n291,n291,"NIEMIMAA M, 2017, COMPUT SECUR, V65, P1, DOI 10.1016/J.COSE.2016.11.001",2,0,2,0,0,0,0,3
n292,n292,"NIEMIMAA M, 2015, COMMUN ASSOC Infinity SYS, V37, P69",5,0,5,0,0,0,0,4
n293,n293,"NOSWORTHY JD, 2000, COMPUT SECUR, V19, P596, DOI 10.1016/S0167-4048(00)07020-6",4,0,4,0,0,0,0,3
n294,n294,"OSTERWALDER A., 2010, BUSINESS MODEL GENERATION",3,0,3,0,0,0,0,3
n295,n295,"PITT M., 2004, FACILITIES, V22, P87, DOI 10.1108/02632770410527824, DOI 10.1108/02632770410527824",5,0,5,0,0,0,0,3
n296,n296,"POHLE G., 2006, STRATEGY LEADERSHIP, V34, P34, DOI DOI 10.1108/10878570610701531, 10.1108/10878570610701531",2,0,2,0,0,0,0,3
n297,n297,"RAPAPORT C, 2008, INT J EMERG MANAG, V5, P338",2,0,2,0,0,0,0,3
n298,n298,"SAWALHA IHS, 2015, INT J DISAST RISK SC, V6, P428, DOI 10.1007/S13753-015-0070-5",4,0,4,0,0,0,0,1
n299,n299,"TAMMINEEDI RL, 2010, Infinity SECUR J, V19, P36, DOI 10.1080/19393550903551843",6,0,6,0,0,0,0,3
n300,n300,"TEECE DJ, 2010, LONG RANGE PLANN, V43, P172, DOI 10.1016/J.LRP.2009.07.003",2,0,2,0,0,0,0,3
n302,n302,"WONG WEI NING ZECHARIAH, 2009, J BUS CONTIN EMER PLAN, V4, P62",7,0,7,0,0,0,0,3
n304,n304,"CHOPRA S, 2014, MIT SLOAN MANAGE REV, V55, P73",2,0,2,0,0,0,0,1
n305,n305,"FOSTER SP, 2005, J CORP REAL ESTATE, V7, P105, DOI 10.1108/14630010510812530",2,0,2,0,0,0,0,8
n306,n306,"ISO, 2012, 223012019 ISO",2,0,2,0,0,0,0,6
n308,n308,"SAHEBJAMNIA N, 2018, INT J PROD ECON, V197, P63, DOI 10.1016/J.IJPE.2017.12.009",6,0,6,0,0,0,0,1
n309,n309,"SCHÄTTER F, 2019, DECIS SUPPORT SYST, V118, P10, DOI 10.1016/J.DSS.2018.12.006",2,0,2,0,0,0,0,4
n310,n310,"SOUFI HR, 2019, INT J PROD RES, V57, P779, DOI 10.1080/00207543.2018.1483586",4,0,4,0,0,0,0,8
n311,n311,"SPEIGHT P, 2011, J APPL SEC RES, V6, P529, DOI 10.1080/19361610.2011.604021",4,0,4,0,0,0,0,8
n312,n312,"ZSIDISIN GA, 2005, INT J PROD RES, V43, P3401, DOI 10.1080/0020754000095613",5,0,5,0,0,0,0,9
n317,n317,"AZADEGAN A, 2020, DECISION SCI, V51, P38, DOI 10.1111/DECI.12395",1,0,1,0,0,0,0,2
n324,n324,"ELLIOTT D., 2010, BUSINESS CONTINUITY, VSECOND",1,0,1,0,0,0,0,1
n326,n326,"FINCH P, 2004, SUPPLY CHAIN MANAG, V9, P183, DOI 10.1108/13598540410527079",2,0,2,0,0,0,0,9
n338,n338,"OJHA D, 2013, INT J LOGIST MANAG, V24, P180, DOI 10.1108/IJLM-06-2012-0049",1,0,1,0,0,0,0,1
n341,n341,"REVILLA E, 2017, INT J OPER PROD MAN, V37, P557, DOI 10.1108/IJOPM-03-2016-0129",2,0,2,0,0,0,0,4
n344,n344,"SHEFFI Y., 2015, THE POWER OF RESILIENCE: HOW THE BEST COMPANIES MANAGE THE UNEXPECTED",1,0,1,0,0,0,0,4
n345,n345,"SVATA VLASTA., 2013, JOURNAL OF SYSTEMS INTEGRATION, V4",1,0,1,0,0,0,0,8
n346,n346,"TORABI SA, 2015, TRANSPORT RES E-LOG, V79, P22, DOI 10.1016/J.TRE.2015.03.005",1,0,1,0,0,0,0,1
n350,n350,"ZAWADA B., 2014, J BUSINESS CONTINUIT, V8, P83",1,0,1,0,0,0,0,6
n375,n375,"RITTER T, 2020, IND MARKET MANAG, V88, P214, DOI 10.1016/J.INDMARMAN.2020.05.014",1,0,1,0,0,0,0,8
n452,n452,"BURNARD K, 2018, IEEE T ENG MANAGE, V65, P351, DOI 10.1109/TEM.2018.2796181",2,0,2,0,0,0,0,8
n453,n453,"CRAIGHEAD C. W., 2007, DECISION SCIENCES, V38, P131, DOI 10.1111/J.1540-5915.2007.00151.X",3,0,3,0,0,0,0,9
n454,n454,"DUCHEK STEPHANIE., 2019, BUSINESS RES, DOI 10.1007/S40685-019-0085-7, DOI 10.1007/S40685-019-0085-7",2,0,2,0,0,0,0,1
n458,n458,"HÉMOND Y, 2012, DISASTER PREV MANAG, V21, P404, DOI 10.1108/09653561211256125",2,0,2,0,0,0,0,8
n459,n459,"HERBANE B, 2019, ENTREP REGION DEV, V31, P476, DOI 10.1080/08985626.2018.1541594",5,0,5,0,0,0,0,2
n460,n460,"HERBANE B, 2013, J CONTING CRISIS MAN, V21, P82, DOI 10.1111/1468-5973.12006",2,0,2,0,0,0,0,1
n461,n461,"HERBANE B, 2010, INT SMALL BUS J, V28, P43, DOI 10.1177/0266242609350804",2,0,2,0,0,0,0,1
n462,n462,"HILLMANN J, 2021, INT J MANAG REV, V23, P7, DOI 10.1111/IJMR.12239",2,0,2,0,0,0,0,1
n464,n464,"JAIN PRERNA, 2020, INTERNATIONAL JOURNAL OF BUSINESS CONTINUITY AND RISK MANAGEMENT, V10, P47",2,0,2,0,0,0,0,1
n465,n465,"MALLAK L.A., 1998, IND MANAG, V40, P8, DOI DOI 10.1108/09552069810215755",2,0,2,0,0,0,0,8
n466,n466,"MARTINELLI E, 2018, INT J ENTREP BEHAV R, V24, P1222, DOI 10.1108/IJEBR-11-2016-0386",2,0,2,0,0,0,0,1
n471,n471,"PESCAROLI G, 2020, INT J DISAST RISK SC, V11, P404, DOI 10.1007/S13753-020-00276-9",2,0,2,0,0,0,0,1
n472,n472,"SULLIVAN-TAYLOR B, 2011, INT J PROD RES, V49, P5565, DOI 10.1080/00207543.2011.563837",3,0,3,0,0,0,0,1
n477,n477,"GLASER B. G., 1967, DISCOV GROUNDED THEO",1,0,1,0,0,0,0,3
n508,n508,"BONAFEDE CE, 2007, J OPER RISK, V2, P79, DOI 10.21314/JOP.2007.037",2,0,2,0,0,0,0,9
n509,n509,"COMPARE M, 2016, IEEE T RELIAB, V65, P574, DOI 10.1109/TR.2015.2506610",2,0,2,0,0,0,0,9
n510,n510,"FAERTES D, 2015, PROCEDIA COMPUT SCI, V55, P1400, DOI 10.1016/J.PROCS.2015.07.130",5,0,5,0,0,0,0,1
n511,n511,"RABBANI M, 2016, SAFETY SCI, V85, P9, DOI 10.1016/J.SSCI.2015.12.025",2,0,2,0,0,0,0,9
n512,n512,"SNEDAKER S., 2013, BUSINESS CONTINUITY AND DISASTER RECOVERY PLANNING FOR IT PROFESSIONALS",3,0,3,0,0,0,0,5
n513,n513,"TORABI SA, 2016, SAFETY SCI, V89, P201, DOI 10.1016/J.SSCI.2016.06.015",5,0,5,0,0,0,0,9
n571,n571,"MOHER D, 2009, ANN INTERN MED, V151, P264, DOI 10.7326/0003-4819-151-4-200908180-00135, 10.1016/J.IJSU.2010.02.007, 10.1371/JOURNAL.PMED.1000097, 10.1136/BMJ.B2700, 10.1186/2046-4053-4-1, 10.1136/BMJ.B2535, 10.1016/J.IJSU.2010.07.299, 10.1136/BMJ.I4086",1,0,1,0,0,0,0,4
n616,n616,"BAJGORIC N, 2014, KYBERNETES, V43, P156, DOI 10.1108/K-11-2013-0252",5,0,5,0,0,0,0,2
n618,n618,"FILIPOVIC D, 2018, MANAG-J CONTEMP MANA, V23, P99, DOI 10.30924/MJCMI/2018.23.1.99",2,0,2,0,0,0,0,8
n619,n619,"HAMID AHA, 2018, IOP CONF SER-MAT SCI, V298, DOI 10.1088/1757-899X/298/1/012050",3,0,3,0,0,0,0,8
n620,n620,"KARAKASIDIS K., 1997, InfinityORMATION MANAGEMENT & COMPUTER SECURITY, V5, P72, DOI 10.1108/09685229710182857",2,0,2,0,0,0,0,5
n621,n621,"KATO M, 2018, INT J DISAST RISK RE, V27, P577, DOI 10.1016/J.IJDRR.2017.10.002",9,0,9,0,0,0,0,8
n622,n622,"MANSOL N. H., 2014, INTERNATIONAL JOURNAL FOR DIGITAL SOCIETY, V5, P909",1,0,1,0,0,0,0,8
n623,n623,"PAUNESCU C, 2017, QUAL-ACCESS SUCCESS, V18, P43",2,0,2,0,0,0,0,4
n624,n624,"WONG WNZ, 2019, ORGAN DYN, V48, P29, DOI 10.1016/J.ORGDYN.2018.08.004",2,0,2,0,0,0,0,1
n645,n645,"ERIC W.L., 2020, JOURNAL OF THE INTERNATIONAL COUNCIL FOR SMALL BUSINESS, DOI 10.1080/26437015.2020.1779538",1,0,1,0,0,0,0,1
n647,n647,"KUMAR A., 2020, SUSTAINABLE OPERATIONS AND COMPUTERS, VOLUME, V1, P1, DOI 10.1016/J.SUSOC.2020.06.001, DOI 10.1016/J.SUSOC.2020.06.001",1,0,1,0,0,0,0,2
n671,n671,"BAXTER P, 2008, QUAL REP, V13, P544",1,0,1,0,0,0,0,7
n672,n672,"ELO S, 2008, J ADV NURS, V62, P107, DOI 10.1111/J.1365-2648.2007.04569.X",3,0,3,0,0,0,0,7
n673,n673,"JANSSON J, 2017, BUS STRATEG ENVIRON, V26, P69, DOI 10.1002/BSE.1901",1,0,1,0,0,0,0,7
n674,n674,"MANNINEN K, 2022, J CLEAN PROD, V343, DOI 10.1016/J.JCLEPRO.2022.131036",1,0,1,0,0,0,0,7
n675,n675,"PARKER CM, 2009, ENVIRON PLANN C, V27, P279, DOI 10.1068/C0859B",1,0,1,0,0,0,0,7
n676,n676,"YIN R. K., 2009, CASE STUDY RES DESIG, V5",1,0,1,0,0,0,0,7
n709,n709,"HAIR JF, 2011, J MARKET THEORY PRAC, V19, P139, DOI 10.2753/MTP1069-6679190202",1,0,1,0,0,0,0,6
n723,n723,"ARIF A, 2018, IEEE T POWER SYST, V33, P6828, DOI 10.1109/TPWRS.2018.2855102",2,0,2,0,0,0,0,9
n724,n724,"BOROVKOVA S, 2017, ENERG ECON, V63, P51, DOI 10.1016/J.ENECO.2017.01.002",2,0,2,0,0,0,0,9
n725,n725,"BUCK JA, 2016, IEEE T INSTRUM MEAS, V65, P672, DOI 10.1109/TIM.2016.2514778",2,0,2,0,0,0,0,9
n726,n726,"DI MAIO F, 2018, NUCL ENG DES, V326, P41, DOI 10.1016/J.NUCENGDES.2017.10.020",2,0,2,0,0,0,0,9
n727,n727,"FERRARIO E, 2014, RELIAB ENG SYST SAFE, V125, P103, DOI 10.1016/J.RESS.2013.07.006",2,0,2,0,0,0,0,9
n729,n729,"KIM H, 2018, RELIAB ENG SYST SAFE, V175, P225, DOI 10.1016/J.RESS.2018.03.022",2,0,2,0,0,0,0,9
n730,n730,"LEWANDOWSKI R, 2016, ANN NUCL ENERGY, V87, P696, DOI 10.1016/J.ANUCENE.2015.07.035",2,0,2,0,0,0,0,9
n731,n731,"NARAYANAN MM, 2019, ULTRASONICS, V93, P112, DOI 10.1016/J.ULTRAS.2018.11.003",2,0,2,0,0,0,0,9
n733,n733,"KAPLAN RS, 1992, HARVARD BUS REV, V70, P71",1,0,1,0,0,0,0,8
n748,n748,"ASGARY A, 2012, INT J DISAST RISK RE, V2, P46, DOI 10.1016/J.IJDRR.2012.08.001",3,0,3,0,0,0,0,1
n749,n749,"JOSEPHSON A, 2017, INT J DISAST RISK RE, V23, P25, DOI 10.1016/J.IJDRR.2017.03.013",3,0,3,0,0,0,0,1
n750,n750,"MARSHALL MI, 2015, NAT HAZARDS, V79, P331, DOI 10.1007/S11069-015-1845-0",2,0,2,0,0,0,0,1
n41,n41,"MUKHERJEE M, 2020, PROG DISASTER SCI, V7, DOI 10.1016/J.PDISAS.2020.100117",1,0,1,0,0,0,0,2
n39,n39,"SOHNS TM, 2023, J CLEAN PROD, V401, DOI 10.1016/J.JCLEPRO.2023.136667",0,6,6,1,1,1,0,7
n36,n36,"TAN Y, 2011, INT J SIMUL MODEL, V10, P17, DOI 10.2507/IJSIMM10(1)2.172",2,4,6,1,1,1,26,9
n31,n31,"PAUNESCU C, 2020, J BUS ECON MANAG, V21, P497, DOI 10.3846/JBEM.2020.12205",4,22,26,3,0.573913,0.65404,310,8
n20,n20,"ZENG ZG, 2017, PROCESS SAF ENVIRON, V106, P76, DOI 10.1016/J.PSEP.2016.12.002",6,14,20,2,0.769231,0.85,130.75,9
n15,n15,"CORRALES-ESTRADA AM, 2021, SUSTAINABILITY-BASEL, V13, DOI 10.3390/SU13158196",1,23,24,2,0.623656,0.698276,18.25,1
n5,n5,"MARGHERITA A, 2021, BUS HORIZONS, V64, P683, DOI 10.1016/J.BUSHOR.2021.02.020",2,31,33,2,0.746032,0.829787,136,3
n4,n4,"NIEMIMAA M, 2019, INT J InfinityORM MANAGE, V49, P208, DOI 10.1016/J.IJInfinityOMGT.2019.04.010",8,32,40,1,1,1,354.833333,3
n1,n1,"SAHEBJAMNIA N, 2015, EUR J OPER RES, V242, P261, DOI 10.1016/J.EJOR.2014.09.055",11,7,18,1,1,1,93.333333,9
