Id,Label,v_name,indegree,outdegree,degree,Eccentricity,closnesscentrality,harmonicclosnesscentrality,betweenesscentrality,modularity_class
n19,n19,"LUTFI A, 2022, SUSTAINABILITY-BASEL, V14, DOI 10.3390/SU14095362",1,4,5,2,0.555556,0.6,3,1
n23,n23,"JANG HW, 2020, SUSTAINABILITY-BASEL, V12, DOI 10.3390/SU12103998",2,4,6,1,1,1,12,5
n43,n43,"TÓTH G, 2019, RESOURCES-BASEL, V8, DOI 10.3390/RESOURCES8040159",0,5,5,1,1,1,0,8
n60,n60,"JIAO XJ, 2022, ECON RES-EKON ISTRAZ, DOI 10.1080/1331677X.2022.2125035",0,14,14,1,1,1,0,2
n61,n61,"NAJIB M, 2021, SUSTAINABILITY-BASEL, V13, DOI 10.3390/SU132313091",2,14,16,2,0.818182,0.888889,26.5,1
n72,n72,"VRABCOVA P, 2023, AGR ECON-CZECH, V69, P1, DOI 10.17221/321/2022-AGRICECON",0,5,5,1,1,1,0,4
n83,n83,"XIAOYI Z, 2023, SUSTAINABILITY-BASEL, V15, DOI 10.3390/SU15118588",1,25,26,1,1,1,16,7
n93,n93,"GOMES S, 2023, J CLEAN PROD, V425, DOI 10.1016/J.JCLEPRO.2023.139016",0,3,3,1,1,1,0,1
n98,n98,"SETYANINGRUM R, 2023, J IND ENG MANAG-JIEM, V16, P1, DOI 10.3926/JIEM.4152",0,15,15,1,1,1,0,8
n99,n99,"ASRIATI N, 2022, COGENT BUS MANAG, V9, DOI 10.1080/23311975.2022.2115621",1,5,6,1,1,1,4.5,0
n111,n111,"KURNIASARI F, 2023, SUSTAINABILITY-BASEL, V15, DOI 10.3390/SU151612668",0,17,17,1,1,1,0,0
n132,n132,"BHADRA KV, 2024, BUS STRATEG ENVIRON, V33, P5583, DOI 10.1002/BSE.3767",0,30,30,1,1,1,0,6
n140,n140,"MUAFI, 2023, J IND ENG MANAG-JIEM, V16, P275, DOI 10.3926/JIEM.5283",0,12,12,1,1,1,0,8
n141,n141,"STANKOVIC S, 2023, EKON CAS, V71, P458, DOI 10.31577/EKONCAS.2023.06-07.04",0,11,11,1,1,1,0,7
n144,n144,"ACOSTA-VELÁSQUEZ RD, 2022, SUSTAINABILITY-BASEL, V14, DOI 10.3390/SU141711036",0,7,7,1,1,1,0,6
n150,n150,"RADULESCU V, 2020, ECON COMPUT ECON CYB, V54, P55, DOI 10.24818/18423264/54.4.20.04",1,3,4,1,1,1,0,3
n156,n156,"MERESSA HA, 2023, COGENT BUS MANAG, V10, DOI 10.1080/23311975.2023.2218193",0,14,14,1,1,1,0,0
n166,n166,"WIAGUSTINI NLP, 2023, QUAL-ACCESS SUCCESS, V24, P226, DOI 10.47750/QAS/24.192.27",0,9,9,1,1,1,0,0
n174,n174,"ABDELRAHMAN SAT, 2021, QUAL-ACCESS SUCCESS, V22, P46, DOI 10.47750/QAS/22.185.07",0,1,1,1,1,1,0,4
n175,n175,"GHONIYAH N, 2024, COGENT BUS MANAG, V11, DOI 10.1080/23311975.2024.2303789",0,12,12,3,0.566667,0.656863,0,1
n182,n182,"DAGLI E, 2024, SUSTAINABILITY-BASEL, V16, DOI 10.3390/SU16208876",0,10,10,1,1,1,0,3
n193,n193,"YASSIN MM, 2024, INT J FINANC STUD, V12, DOI 10.3390/IJFS12010001",0,4,4,1,1,1,0,5
n194,n194,"HERLI M, 2024, INTANG CAP, V20, P531, DOI 10.3926/IC.2456",0,14,14,1,1,1,0,1
n195,n195,"MALDONADO-GUZMÁN G, 2024, GREEN FINANC, V6, P563, DOI 10.3934/GF.2024021",0,17,17,2,0.673469,0.757576,0,7
n226,n226,"TEECE DJ, 2007, STRATEGIC MANAGE J, V28, P1319, DOI 10.1002/SMJ.640",3,0,3,0,0,0,0,6
n250,n250,"CHANG CH, 2011, J BUS ETHICS, V104, P361, DOI 10.1007/S10551-011-0914-X",1,0,1,0,0,0,0,7
n252,n252,"DANGELICO RM, 2015, BUS STRATEG ENVIRON, V24, P413, DOI 10.1002/BSE.1828",1,0,1,0,0,0,0,2
n254,n254,"EIKELENBOOM M, 2019, J CLEAN PROD, V235, P1360, DOI 10.1016/J.JCLEPRO.2019.07.013",2,0,2,0,0,0,0,6
n258,n258,"MONTIEL I, 2014, ORGAN ENVIRON, V27, P113, DOI 10.1177/1086026614526413",2,0,2,0,0,0,0,1
n261,n261,"RENNINGS K, 2000, ECOL ECON, V32, P319, DOI 10.1016/S0921-8009(99)00112-3",1,0,1,0,0,0,0,7
n265,n265,"SINGH SK, 2020, TECHNOL FORECAST SOC, V150, DOI 10.1016/J.TECHFORE.2019.119762",2,0,2,0,0,0,0,6
n268,n268,"XIE XM, 2019, J BUS RES, V101, P697, DOI 10.1016/J.JBUSRES.2019.01.010",2,0,2,0,0,0,0,7
n269,n269,"YUSLIZA MY, 2020, J CLEAN PROD, V249, DOI 10.1016/J.JCLEPRO.2019.119334",3,0,3,0,0,0,0,2
n327,n327,"FORNELL C, 1981, J MARKETING RES, V18, P39, DOI 10.2307/3151312",8,0,8,0,0,0,0,0
n339,n339,"PODSAKOFF PM, 2003, J APPL PSYCHOL, V88, P879, DOI 10.1037/0021-9010.88.5.879",5,0,5,0,0,0,0,7
n348,n348,"VOORHEES CM, 2016, J ACAD MARKET SCI, V44, P119, DOI 10.1007/S11747-015-0455-4",1,0,1,0,0,0,0,1
n353,n353,"FLOREA L, 2013, J BUS ETHICS, V114, P393, DOI 10.1007/S10551-012-1355-X",2,0,2,0,0,0,0,3
n368,n368,"HAIR JF., 2015, MULTIVARIATE DATA ANALYSIS",7,0,7,0,0,0,0,5
n374,n374,"PODSAKOFF PM, 2012, ANNU REV PSYCHOL, V63, P539, DOI 10.1146/ANNUREV-PSYCH-120710-100452",4,0,4,0,0,0,0,2
n378,n378,"BAUMGARTNER RJ, 2017, J CLEAN PROD, V140, P81, DOI 10.1016/J.JCLEPRO.2016.04.146",2,0,2,0,0,0,0,4
n382,n382,"GRANT RM, 1996, STRATEGIC MANAGE J, V17, P109, DOI 10.1002/SMJ.4250171110",2,0,2,0,0,0,0,0
n399,n399,"JENSEN MC, 1976, J FINANC ECON, V3, P305, DOI 10.1016/0304-405X(76)90026-X",1,0,1,0,0,0,0,5
n402,n402,"PARMAR BL, 2010, ACAD MANAG ANN, V4, P403, DOI 10.1080/19416520.2010.495581",1,0,1,0,0,0,0,1
n405,n405,"SARKIS J, 2011, INT J PROD ECON, V130, P1, DOI 10.1016/J.IJPE.2010.11.010",1,0,1,0,0,0,0,7
n417,n417,"EISENHARDT KM, 2000, STRATEGIC MANAGE J, V21, P1105, DOI 10.1002/1097-0266(200010/11)21:10/11<1105::AID-SMJ133>3.0.CO",2,0,2,0,0,0,0,6
n431,n431,"STRAUSS K, 2017, J ORGAN BEHAV, V38, P1338, DOI 10.1002/JOB.2186",1,0,1,0,0,0,0,6
n433,n433,"TEECE DJ, 1997, STRATEGIC MANAGE J, V18, P509, DOI 10.1002/(SICI)1097-0266(199708)18:7<509::AID-SMJ882>3.0.CO",4,0,4,0,0,0,0,0
n446,n446,"VELAZQUEZ LE, 2011, LEARN ORGAN, V18, P36, DOI 10.1108/09696471111095984",1,0,1,0,0,0,0,8
n470,n470,"PAULRAJ A, 2011, J SUPPLY CHAIN MANAG, V47, P19, DOI 10.1111/J.1745-493X.2010.03212.X",1,0,1,0,0,0,0,6
n504,n504,"HAIR JF, 2019, EUR BUS REV, V31, P2, DOI 10.1108/EBR-11-2018-0203",8,0,8,0,0,0,0,1
n506,n506,"NAJIB M., 2020, INT J ADV SCI ENG Infinity TECHNOL, V10, P1702, DOI DOI 10.18517/IJASEIT.10.4.11616",3,0,3,0,0,0,0,1
n538,n538,"KIM SH, 2019, SUSTAINABILITY-BASEL, V11, DOI 10.3390/SU11061578",1,0,1,0,0,0,0,5
n539,n539,"PARASURAMAN A, 1988, J RETAILING, V64, P12",1,0,1,0,0,0,0,5
n540,n540,"SNOJ B., 2004, JOURNAL OF PRODUCT & BRAND MANAGEMENT, V13, P156, DOI 10.1108/10610420410538050",1,0,1,0,0,0,0,5
n564,n564,"DEY PK, 2020, BUS STRATEG ENVIRON, V29, P2145, DOI 10.1002/BSE.2492",1,0,1,0,0,0,0,1
n666,n666,"HARDIN G, 1968, SCIENCE, V162, P1243, DOI 10.1126/SCIENCE.162.3859.1243",1,0,1,0,0,0,0,8
n682,n682,"PIWOWAR-SULEJ K, 2021, J CLEAN PROD, V278, DOI 10.1016/J.JCLEPRO.2020.124008",1,0,1,0,0,0,0,8
n690,n690,"KIRCHHERR J, 2017, RESOUR CONSERV RECY, V127, P221, DOI 10.1016/J.RESCONREC.2017.09.005",2,0,2,0,0,0,0,8
n691,n691,"MERLI R, 2018, J CLEAN PROD, V178, P703, DOI 10.1016/J.JCLEPRO.2017.12.112",2,0,2,0,0,0,0,8
n692,n692,"PORTER ME, 1995, J ECON PERSPECT, V9, P97, DOI 10.1257/JEP.9.4.97",2,0,2,0,0,0,0,8
n693,n693,"PORTER ME, 2011, HARVARD BUS REV, V89, P62",1,0,1,0,0,0,0,8
n703,n703,"COHEN J, 1992, PSYCHOL BULL, V112, P155, DOI 10.1037/0033-2909.112.1.155",1,0,1,0,0,0,0,6
n704,n704,"DONALDSON T, 1995, ACAD MANAGE REV, V20, P65, DOI 10.5465/AMR.1995.9503271992",1,0,1,0,0,0,0,1
n710,n710,"HENSELER J, 2015, J ACAD MARKET SCI, V43, P115, DOI 10.1007/S11747-014-0403-8",6,0,6,0,0,0,0,3
n715,n715,"RAJESH R, 2020, BUS STRATEG ENVIRON, V29, P1247, DOI 10.1002/BSE.2429",1,0,1,0,0,0,0,6
n716,n716,"REINARTZ W, 2009, INT J RES MARK, V26, P332, DOI 10.1016/J.IJRESMAR.2009.08.001",2,0,2,0,0,0,0,8
n718,n718,"SINGH SK, 2022, BUS STRATEG ENVIRON, V31, P500, DOI 10.1002/BSE.2906",2,0,2,0,0,0,0,6
n771,n771,"BOMBIAK E, 2018, SUSTAINABILITY-BASEL, V10, DOI 10.3390/SU10061739",2,0,2,0,0,0,0,2
n772,n772,"ÇANKAYA SY, 2019, J MANUF TECHNOL MANA, V30, P98, DOI 10.1108/JMTM-03-2018-0099",2,0,2,0,0,0,0,2
n773,n773,"NERI A, 2018, J CLEAN PROD, V194, P452, DOI 10.1016/J.JCLEPRO.2018.05.140",1,0,1,0,0,0,0,2
n774,n774,"REHMAN SU, 2021, TECHNOL FORECAST SOC, V163, DOI 10.1016/J.TECHFORE.2020.120481",2,0,2,0,0,0,0,2
n775,n775,"TONIAL G., 2019, INTELLECTUAL CAPITAL, P119, DOI 10.1007/978-3-319-79051-0_7, DOI 10.1007/978-3-319-79051-0_7",1,0,1,0,0,0,0,2
n777,n777,"ZAID AA, 2018, J CLEAN PROD, V204, P965, DOI 10.1016/J.JCLEPRO.2018.09.062",3,0,3,0,0,0,0,8
n778,n778,"ABOELMAGED M, 2019, J CLEAN PROD, V220, P853, DOI 10.1016/J.JCLEPRO.2019.02.150",2,0,2,0,0,0,0,6
n779,n779,"CILLO V, 2019, CORP SOC RESP ENV MA, V26, P1012, DOI 10.1002/CSR.1783",2,0,2,0,0,0,0,4
n780,n780,"COSTA RV, 2014, KNOWL MAN RES PRACT, V12, P322, DOI 10.1057/KMRP.2014.15",1,0,1,0,0,0,0,1
n784,n784,"KIANTO A, 2017, J BUS RES, V81, P11, DOI 10.1016/J.JBUSRES.2017.07.018",2,0,2,0,0,0,0,7
n785,n785,"KNEIPP JM, 2019, REGE-REV GEST, V26, P94, DOI 10.1108/REGE-01-2018-0005",2,0,2,0,0,0,0,4
n787,n787,"LEWIS KV, 2015, BUS STRATEG ENVIRON, V24, P750, DOI 10.1002/BSE.1843",2,0,2,0,0,0,0,1
n788,n788,"NAJIB M., 2021, JOURNAL OF OPEN INNOVATION: TECHNOLOGY, MARKET, AND COMPLEXITY, V7, P1, DOI DOI 10.3390/JOITMC7010088",2,0,2,0,0,0,0,0
n789,n789,"NAJIB M, 2021, SUSTAINABILITY-BASEL, V13, DOI 10.3390/SU131910535",2,0,2,0,0,0,0,0
n791,n791,"SHASHI, 2018, BENCHMARKING, V25, P3679, DOI 10.1108/BIJ-08-2017-0236",2,0,2,0,0,0,0,1
n792,n792,"ULLAH H, 2021, ENVIRON SCI POLLUT R, V28, P27825, DOI 10.1007/S11356-020-12245-2",3,0,3,0,0,0,0,7
n793,n793,"WANG Y, 2021, ENVIRON SCI POLLUT R, V28, P1181, DOI 10.1007/S11356-020-10531-7",2,0,2,0,0,0,0,1
n795,n795,"BRESSANELLI G, 2018, SUSTAINABILITY-BASEL, V10, DOI 10.3390/SU10030639",1,0,1,0,0,0,0,8
n836,n836,"ADAMS R, 2016, INT J MANAG REV, V18, P180, DOI 10.1111/IJMR.12068",2,0,2,0,0,0,0,4
n837,n837,"HADJ TB, 2020, J CLEAN PROD, V250, DOI 10.1016/J.JCLEPRO.2019.119490",1,0,1,0,0,0,0,4
n844,n844,"NUNNALLY JC., 1994, PSYCHOMETRIC THEORY 3E, V3, P248",1,0,1,0,0,0,0,3
n862,n862,"DARROCH J., 2005, JOURNAL OF KNOWLEDGE MANAGEMENT, V9, P101, DOI 10.1108/13673270510602809",1,0,1,0,0,0,0,7
n865,n865,"HENSELER J, 2016, IND MANAGE DATA SYST, V116, P2, DOI 10.1108/IMDS-09-2015-0382",1,0,1,0,0,0,0,0
n874,n874,"SEKARAN U., 2003, RESEARCH METHODS FOR BUSINESS: A SKILLS BUILDING APPROACH",2,0,2,0,0,0,0,0
n875,n875,"TEECE DJ, 2014, J INT BUS STUD, V45, P8, DOI 10.1057/JIBS.2013.54",1,0,1,0,0,0,0,6
n888,n888,"AHMAD S, 2015, COGENT BUS MANAG, V2, DOI 10.1080/23311975.2015.1030817",2,0,2,0,0,0,0,8
n889,n889,"ALBORT-MORANT G, 2016, J BUS RES, V69, P4912, DOI 10.1016/J.JBUSRES.2016.04.052",3,0,3,0,0,0,0,7
n890,n890,"ASTUTI P., 2021, MANAGEMENT SCIENCE LETTERS, V11, P1141, DOI 10.5267/J.MSL.2020.11.025, DOI 10.5267/J.MSL.2020.11.025",2,0,2,0,0,0,0,7
n893,n893,"CHEN YS, 2013, J BUS ETHICS, V116, P107, DOI 10.1007/S10551-012-1452-X",2,0,2,0,0,0,0,6
n894,n894,"DANGELICO RM, 2017, BUS STRATEG ENVIRON, V26, P490, DOI 10.1002/BSE.1932",3,0,3,0,0,0,0,7
n895,n895,"DEMIREL P, 2019, BUS STRATEG ENVIRON, V28, P847, DOI 10.1002/BSE.2286",2,0,2,0,0,0,0,6
n896,n896,"DOLUCA H, 2018, BUS STRATEG ENVIRON, V27, P152, DOI 10.1002/BSE.1998",2,0,2,0,0,0,0,7
n897,n897,"FATOKI O., 2021, J OPEN INNOV TECHNOL, V7, P223, DOI 10.3390/JOITMC7040223, DOI 10.3390/JOITMC7040223",2,0,2,0,0,0,0,7
n898,n898,"GABLER CB, 2015, IND MARKET MANAG, V45, P151, DOI 10.1016/J.INDMARMAN.2015.02.014",2,0,2,0,0,0,0,6
n899,n899,"GLADWIN TN, 1995, ACAD MANAGE REV, V20, P874, DOI 10.5465/AMR.1995.9512280024",2,0,2,0,0,0,0,1
n900,n900,"GÜERLEK M, 2018, SERV IND J, V38, P467, DOI 10.1080/02642069.2017.1402889",2,0,2,0,0,0,0,7
n901,n901,"HUANG JW, 2017, J BUS ETHICS, V145, P309, DOI 10.1007/S10551-015-2903-Y",2,0,2,0,0,0,0,7
n905,n905,"QIU L, 2020, CORP SOC RESP ENV MA, V27, P146, DOI 10.1002/CSR.1780",2,0,2,0,0,0,0,7
n908,n908,"YU YB, 2019, J CLEAN PROD, V211, P628, DOI 10.1016/J.JCLEPRO.2018.11.198",3,0,3,0,0,0,0,7
n925,n925,"SILVESTRE BS, 2015, INT J PROD ECON, V167, P156, DOI 10.1016/J.IJPE.2015.05.025",1,0,1,0,0,0,0,6
n935,n935,"CANTELE S, 2018, J CLEAN PROD, V182, P166, DOI 10.1016/J.JCLEPRO.2018.02.016",1,0,1,0,0,0,0,8
n945,n945,"RIZOS V, 2016, SUSTAINABILITY-BASEL, V8, DOI 10.3390/SU8111212",1,0,1,0,0,0,0,1
n954,n954,"JAYASHREE S, 2022, SUSTAIN PROD CONSUMP, V31, P313, DOI 10.1016/J.SPC.2022.02.015",1,0,1,0,0,0,0,8
n967,n967,"CHIN TA, 2015, PROC CIRP, V26, P695, DOI 10.1016/J.PROCIR.2014.07.035",2,0,2,0,0,0,0,8
n968,n968,"DAS S.C., 2016, KEGEES JOURNAL OF SOCIAL SCIENCE, V8, P227",2,0,2,0,0,0,0,8
n969,n969,"MISHRA P, 2017, INT J ORGAN ANAL, V25, P762, DOI 10.1108/IJOA-11-2016-1079",1,0,1,0,0,0,0,8
n970,n970,"MUAFI, 2021, J IND ENG MANAG-JIEM, V14, P329, DOI 10.3926/JIEM.3339",2,0,2,0,0,0,0,8
n971,n971,"YANG ZJ, 2020, ENVIRON DEV SUSTAIN, V22, P1165, DOI 10.1007/S10668-018-0241-9",2,0,2,0,0,0,0,8
n972,n972,"ZHU QH, 2013, J PURCH SUPPLY MANAG, V19, P106, DOI 10.1016/J.PURSUP.2012.12.001",2,0,2,0,0,0,0,1
n973,n973,"BENTLER PM, 1980, PSYCHOL BULL, V88, P588, DOI 10.1037/0033-2909.107.2.238",2,0,2,0,0,0,0,0
n975,n975,"SULLIVAN GAIL M, 2012, J GRAD MED EDUC, V4, P279, DOI 10.4300/JGME-D-12-00156.1",2,0,2,0,0,0,0,0
n988,n988,"CH'NG PC, 2021, J CLEAN PROD, V283, DOI 10.1016/J.JCLEPRO.2020.124556",1,0,1,0,0,0,0,6
n993,n993,"HASSAN NA, 2021, MANAG RES REV, V44, P1599, DOI 10.1108/MRR-10-2020-0658",1,0,1,0,0,0,0,1
n994,n994,"KREJCIE RV, 1970, EDUC PSYCHOL MEAS, V30, P607, DOI 10.1177/001316447003000308",1,0,1,0,0,0,0,0
n1008,n1008,"BONGOMIN GOC, 2017, MANAG FINANC, V43, P1310, DOI 10.1108/MF-04-2017-0117",2,0,2,0,0,0,0,0
n1009,n1009,"BONGOMIN GOC, 2017, REV INT BUS STRATEGY, V27, P520, DOI 10.1108/RIBS-04-2017-0037",2,0,2,0,0,0,0,0
n1010,n1010,"HAIR J. F., 2017, ADV ISSUES PARTIAL L",2,0,2,0,0,0,0,1
n1011,n1011,"HAIR J.F., 2014, A PRIMER ON PARTIAL LEAST SQUARES STRUCTURAL EQUATION MODELING (PLS-SEM), DOI 10.1007/978-3-319-57413-415, DOI 10.1007/978-3-030-80519-7",3,0,3,0,0,0,0,1
n1013,n1013,"HUSSAIN J, 2018, J SMALL BUS ENTERP D, V25, P985, DOI 10.1108/JSBED-01-2018-0021",2,0,2,0,0,0,0,0
n1014,n1014,"HUSTON SJ, 2010, J CONSUM AFF, V44, P296, DOI 10.1111/J.1745-6606.2010.01170.X",2,0,2,0,0,0,0,0
n1015,n1015,"JAPPELLI T, 2013, J BANK FINANC, V37, P2779, DOI 10.1016/J.JBANKFIN.2013.03.019",2,0,2,0,0,0,0,0
n1016,n1016,"LUSARDI A, 2014, J ECON LIT, V52, P5, DOI 10.1257/JEL.52.1.5",2,0,2,0,0,0,0,0
n1017,n1017,"YE JM, 2019, SUSTAINABILITY-BASEL, V11, DOI 10.3390/SU11102990",3,0,3,0,0,0,0,0
n1022,n1022,"ORDONEZ-PONCE E, 2021, SUSTAIN ACCOUNT MANA, V12, P1239, DOI 10.1108/SAMPJ-03-2020-0068",1,0,1,0,0,0,0,1
n1071,n1071,"ARAGÓN-CORREA JA, 2003, ACAD MANAGE REV, V28, P71",1,0,1,0,0,0,0,6
n1090,n1090,"BECKER JM, 2023, INT J CONTEMP HOSP M, V35, P321, DOI 10.1108/IJCHM-04-2022-0474",2,0,2,0,0,0,0,1
n1091,n1091,"JABBOUR CJC, 2020, J ENVIRON MANAGE, V264, DOI 10.1016/J.JENVMAN.2020.110416",2,0,2,0,0,0,0,8
n1092,n1092,"JAWORSKI BJ, 1993, J MARKETING, V57, P53, DOI 10.2307/1251854",2,0,2,0,0,0,0,3
n1094,n1094,"SARSTEDT M, 2019, AUSTRALAS MARK J, V27, P197, DOI 10.1016/J.AUSMJ.2019.05.003",3,0,3,0,0,0,0,1
n1108,n1108,"COHEN WM, 1990, ADMIN SCI QUART, V35, P128, DOI 10.2307/2393553",2,0,2,0,0,0,0,6
n1109,n1109,"ZAHRA SA, 2002, ACAD MANAGE REV, V27, P185, DOI 10.2307/4134351",2,0,2,0,0,0,0,6
n1111,n1111,"SHAHZAD M, 2021, BUS STRATEG ENVIRON, V30, P4206, DOI 10.1002/BSE.2865",2,0,2,0,0,0,0,7
n1127,n1127,"MACEY W.H., 2011, EMPLOYEE ENGAGEMENT, V31",2,0,2,0,0,0,0,3
n1128,n1128,"SPREITZER G, 2012, ORGAN DYN, V41, P155, DOI 10.1016/J.ORGDYN.2012.01.009",2,0,2,0,0,0,0,3
n1137,n1137,"AL-ABBADI LH, 2023, COGENT BUS MANAG, V10, DOI 10.1080/23311975.2023.2189998",2,0,2,0,0,0,0,0
n1139,n1139,"DAS TK, 2000, J MANAGE, V26, P31, DOI 10.1016/S0149-2063(99)00037-9",2,0,2,0,0,0,0,0
n1140,n1140,"ENIOLA AA, 2017, GLOB BUS REV, V18, P559, DOI 10.1177/0972150917692063",2,0,2,0,0,0,0,0
n1141,n1141,"KIZZA J., 2019, INT J RES INNOVATION, V3, P666",2,0,2,0,0,0,0,0
n1142,n1142,"LATIFAH SW, 2023, COGENT BUS MANAG, V10, DOI 10.1080/23311975.2023.2176444",2,0,2,0,0,0,0,0
n1152,n1152,"SRISATHAN WA, 2020, COGENT BUS MANAG, V7, DOI 10.1080/23311975.2020.1717408",2,0,2,0,0,0,0,1
n1170,n1170,"REZAEE Z, 2019, BUSINESS SUSTAINABILITY IN ASIA: COMPLIANCE, PERFORMANCE, AND INTEGRATED REPORTING AND ASSURANCE, P1",1,0,1,0,0,0,0,1
